{"confusion_matrix": [[188668, 63762, 70067, 21903], [11236, 448, 3491, 195], [241551, 10879, 16842, 75128], [250776, 1654, 1879, 90091], [10565, 1119, 2462, 1224], [251127, 1303, 1452, 90518], [251622, 808, 1038, 90932], [8848, 2836, 1375, 2311], [251803, 627, 885, 91085], [251755, 675, 757, 91213], [8167, 3517, 1046, 2640], [251972, 458, 673, 91297], [251984, 446, 538, 91432], [9721, 1963, 1849, 1837], [252029, 401, 469, 91501], [252095, 335, 362, 91608], [10319, 1365, 2740, 946]], "loss": [0.6884880840224533, 0.6860015377000306, 0.18270250378266384, 0.03171568362711493, 1.3286416243142554, 0.024866783258999957, 0.016759728769198748, 1.2782480960681497, 0.013865658273496829, 0.012441815979153668, 1.7202938279400213, 0.01026973170815495, 0.008810981937370678, 1.1938869221873516, 0.007898680339175061, 0.006479332306761459, 2.1567604498422766], "mean_average_precision": [0.2594187828449709, 0.2764541486466187, 0.9367015227364686, 0.9972836297838847, 0.49238745473890033, 0.9982803090309817, 0.9990554740591759, 0.4781191395160796, 0.9993965579854873, 0.9995103367509003, 0.4690694077557938, 0.9996765066596487, 0.9996957309741084, 0.48987398813707, 0.9997646650372644, 0.9998190724419809, 0.377285270058428], "accuracy": [61.14140534262486, 74.37215354586857, 91.95092915214866, 98.97415795586527, 76.70136629798309, 99.2000580720093, 99.46399535423926, 72.6024723487313, 99.5609756097561, 99.5842044134727, 70.31229668184776, 99.67160278745645, 99.71428571428571, 75.19843851659076, 99.74738675958189, 99.79761904761905, 73.29212752114509], "precision_pass": [25.568201715986692, 30.326594090202178, 87.3510295673608, 98.19717695787236, 52.24071702944942, 98.58093464458021, 99.11925005450185, 44.89994171361958, 99.31633810188416, 99.26541006442626, 42.878025012181254, 99.50084464061904, 99.5145736737848, 48.3421052631579, 99.56366564383801, 99.63564382280326, 40.934660320207705], "precision_no_pass": [72.91939629350493, 76.29524003530929, 93.4820215717918, 99.25629811402901, 81.1007906655408, 99.42513035525519, 99.58917121823795, 86.54993641788124, 99.64976571898943, 99.70021226713978, 88.6464778031043, 99.7336183181935, 99.78694925590642, 84.019014693172, 99.81425595450261, 99.85660924434656, 79.0183015544835], "recall_pass": [23.815374578666958, 5.290287574606619, 81.68750679569425, 97.95694248124389, 33.2067281606077, 98.42122431227574, 98.8713710992715, 62.696690179055885, 99.03772969446558, 99.17690551266718, 71.6223548562127, 99.26823964336197, 99.41502663912145, 49.83722192078133, 99.49005110362074, 99.60639338914864, 25.66467715680955], "recall_no_pass": [74.74072019965931, 96.16569667921945, 95.6902903775304, 99.34476884680902, 90.42280041081821, 99.48381729588401, 99.67991126252822, 75.72749058541595, 99.75161430891733, 99.73259913639424, 69.89900718931872, 99.81856356217565, 99.82331735530641, 83.19924683327628, 99.84114407954681, 99.86728994176603, 88.31735706949675], "f1_score": [24.660680609114195, 9.00900900900901, 84.42439191580935, 98.07691260920447, 40.603748548681374, 98.50101473956832, 98.99515540797996, 52.326502886901395, 99.17683823129103, 99.22113805219246, 53.64218226150564, 99.38440604163831, 99.46477524911884, 49.078279454982635, 99.52684476157327, 99.62101645886914, 31.54910788727697], "dataset_type": ["Train", "Validation 0", "Train", "Train", "Validation 0", "Train", "Train", "Validation 0", "Train", "Train", "Validation 0", "Train", "Train", "Validation 0", "Train", "Train", "Validation 0"]}